Index, Attack Type, Memory Location, Target, Pointer, Vtable, Exploit, Baseline, EffectiveSan, LLVM-CFI, CFIXX, LLVM-CFI + CFIXX
1,object_bounds_overflow,stack,independent,vptr,reuse,true,X, , , , 
2,object_bounds_overflow,stack,independent,vptr,injection,true,X, , , , 
3,object_bounds_overflow,stack,independent,object_ptr,reuse,true,X, , ,X, 
4,sub_object_bounds_overflow,stack,independent,vptr,reuse,true,X, , , , 
5,sub_object_bounds_overflow,stack,independent,vptr,injection,true,X, , , , 
6,sub_object_bounds_overflow,stack,independent,object_ptr,reuse,true,X, , ,X, 
7,type_confusion,stack,independent,vptr,reuse,true,X, , , , 
8,type_confusion,stack,independent,vptr,injection,true,X, , , , 
9,type_confusion,stack,independent,object_ptr,reuse,true,X, , ,X, 
10,use_after_free,stack,independent,vptr,reuse,true,X, ,X,X,X
11,use_after_free,stack,independent,vptr,injection,true,X, ,X,X,X
12,use_after_free,stack,independent,object_ptr,reuse,true,X, ,X,X,X
13,reuse_after_free,stack,independent,vptr,reuse,true,X, , , , 
14,reuse_after_free,stack,independent,vptr,injection,true,X, , , , 
15,reuse_after_free,stack,independent,object_ptr,reuse,true,X, , ,X, 
16,data_corruption,stack,independent,object_ptr,reuse,true,X, , ,X, 
17,object_bounds_overflow,stack,inherited,vptr,reuse,true,X, ,X, , 
18,object_bounds_overflow,stack,inherited,vptr,injection,true,X, , , , 
19,object_bounds_overflow,stack,inherited,object_ptr,reuse,true,X, ,X,X,X
20,sub_object_bounds_overflow,stack,inherited,vptr,reuse,true,X, ,X, , 
21,sub_object_bounds_overflow,stack,inherited,vptr,injection,true,X, , , , 
22,sub_object_bounds_overflow,stack,inherited,object_ptr,reuse,true,X, ,X,X,X
23,type_confusion,stack,inherited,vptr,reuse,true,X, ,X, , 
24,type_confusion,stack,inherited,vptr,injection,true,X, , , , 
25,type_confusion,stack,inherited,object_ptr,reuse,true,X, ,X,X,X
26,use_after_free,stack,inherited,vptr,reuse,true,X, ,X,X,X
27,use_after_free,stack,inherited,vptr,injection,true,X, ,X,X,X
28,use_after_free,stack,inherited,object_ptr,reuse,true,X, ,X,X,X
29,reuse_after_free,stack,inherited,vptr,reuse,true,X, , , , 
30,reuse_after_free,stack,inherited,vptr,injection,true,X, , , , 
31,reuse_after_free,stack,inherited,object_ptr,reuse,true,X, , ,X, 
32,data_corruption,stack,inherited,object_ptr,reuse,true,X, ,X,X,X
33,object_bounds_overflow,stack,non_virtual,vptr,reuse,true,X, ,X, , 
34,object_bounds_overflow,stack,non_virtual,vptr,injection,true,X, , , , 
35,object_bounds_overflow,stack,non_virtual,object_ptr,reuse,true,X, ,X,X,X
36,sub_object_bounds_overflow,stack,non_virtual,vptr,reuse,true,X, ,X, , 
37,sub_object_bounds_overflow,stack,non_virtual,vptr,injection,true,X, , , , 
38,sub_object_bounds_overflow,stack,non_virtual,object_ptr,reuse,true,X, ,X,X,X
39,type_confusion,stack,non_virtual,vptr,reuse,true,X, ,X, , 
40,type_confusion,stack,non_virtual,vptr,injection,true,X, , , , 
41,type_confusion,stack,non_virtual,object_ptr,reuse,true,X, ,X,X,X
42,reuse_after_free,stack,non_virtual,vptr,reuse,true,X, , ,X, 
43,reuse_after_free,stack,non_virtual,vptr,injection,true,X, , ,X, 
44,reuse_after_free,stack,non_virtual,object_ptr,reuse,true, , , ,X, 
45,data_corruption,stack,non_virtual,object_ptr,reuse,true,X, ,X,X,X
46,object_bounds_overflow,stack,fake_object,vptr,reuse,true,X, , , , 
47,object_bounds_overflow,stack,fake_object,vptr,injection,true,X, , , , 
48,object_bounds_overflow,stack,fake_object,object_ptr,reuse,true,X, , ,X, 
49,sub_object_bounds_overflow,stack,fake_object,vptr,reuse,true,X, , , , 
50,sub_object_bounds_overflow,stack,fake_object,vptr,injection,true,X, , , , 
51,sub_object_bounds_overflow,stack,fake_object,object_ptr,reuse,true,X, , ,X, 
52,type_confusion,stack,fake_object,vptr,reuse,true,X, , , , 
53,type_confusion,stack,fake_object,vptr,injection,true,X, , , , 
54,type_confusion,stack,fake_object,object_ptr,reuse,true,X, , ,X, 
55,reuse_after_free,stack,fake_object,vptr,reuse,true,X, , ,X, 
56,reuse_after_free,stack,fake_object,vptr,injection,true,X, , ,X, 
57,reuse_after_free,stack,fake_object,object_ptr,reuse,true, , , ,X, 
58,data_corruption,stack,fake_object,object_ptr,reuse,true,X, , ,X, 
59,object_bounds_overflow,heap,independent,vptr,reuse,true,X, , , , 
60,object_bounds_overflow,heap,independent,vptr,injection,true,X, , , , 
61,object_bounds_overflow,heap,independent,object_ptr,reuse,true,X, , ,X, 
62,sub_object_bounds_overflow,heap,independent,vptr,reuse,true,X, , , , 
63,sub_object_bounds_overflow,heap,independent,vptr,injection,true,X, , , , 
64,sub_object_bounds_overflow,heap,independent,object_ptr,reuse,true,X, , ,X, 
65,type_confusion,heap,independent,vptr,reuse,true,X, , , , 
66,type_confusion,heap,independent,vptr,injection,true,X, , , , 
67,type_confusion,heap,independent,object_ptr,reuse,true,X, , ,X, 
68,use_after_free,heap,independent,vptr,reuse,true,X, ,X,X,X
69,use_after_free,heap,independent,vptr,injection,true,X, ,X,X,X
70,use_after_free,heap,independent,object_ptr,reuse,true,X, ,X,X,X
71,reuse_after_free,heap,independent,vptr,reuse,true,X, , , , 
72,reuse_after_free,heap,independent,vptr,injection,true,X, , , , 
73,reuse_after_free,heap,independent,object_ptr,reuse,true,X, , ,X, 
74,data_corruption,heap,independent,object_ptr,reuse,true,X, , ,X, 
75,object_bounds_overflow,heap,inherited,vptr,reuse,true,X, ,X, , 
76,object_bounds_overflow,heap,inherited,vptr,injection,true,X, , , , 
77,object_bounds_overflow,heap,inherited,object_ptr,reuse,true,X, ,X,X,X
78,sub_object_bounds_overflow,heap,inherited,vptr,reuse,true,X, ,X, , 
79,sub_object_bounds_overflow,heap,inherited,vptr,injection,true,X, , , , 
80,sub_object_bounds_overflow,heap,inherited,object_ptr,reuse,true,X, ,X,X,X
81,type_confusion,heap,inherited,vptr,reuse,true,X, ,X, , 
82,type_confusion,heap,inherited,vptr,injection,true,X, , , , 
83,type_confusion,heap,inherited,object_ptr,reuse,true,X, ,X,X,X
84,use_after_free,heap,inherited,vptr,reuse,true,X, ,X,X,X
85,use_after_free,heap,inherited,vptr,injection,true,X, ,X,X,X
86,use_after_free,heap,inherited,object_ptr,reuse,true,X, ,X,X,X
87,reuse_after_free,heap,inherited,vptr,reuse,true,X, , , , 
88,reuse_after_free,heap,inherited,vptr,injection,true,X, , , , 
89,reuse_after_free,heap,inherited,object_ptr,reuse,true,X, , ,X, 
90,data_corruption,heap,inherited,object_ptr,reuse,true,X, ,X,X,X
91,object_bounds_overflow,heap,non_virtual,vptr,reuse,true,X, ,X, , 
92,object_bounds_overflow,heap,non_virtual,vptr,injection,true,X, , , , 
93,object_bounds_overflow,heap,non_virtual,object_ptr,reuse,true,X, ,X,X,X
94,sub_object_bounds_overflow,heap,non_virtual,vptr,reuse,true,X, ,X, , 
95,sub_object_bounds_overflow,heap,non_virtual,vptr,injection,true,X, , , , 
96,sub_object_bounds_overflow,heap,non_virtual,object_ptr,reuse,true,X, ,X,X,X
97,type_confusion,heap,non_virtual,vptr,reuse,true,X, ,X, , 
98,type_confusion,heap,non_virtual,vptr,injection,true,X, , , , 
99,type_confusion,heap,non_virtual,object_ptr,reuse,true,X, ,X,X,X
100,reuse_after_free,heap,non_virtual,vptr,reuse,true,X, ,X,X,X
101,reuse_after_free,heap,non_virtual,vptr,injection,true,X, , ,X,X
102,reuse_after_free,heap,non_virtual,object_ptr,reuse,true,X, , ,X,X
103,data_corruption,heap,non_virtual,object_ptr,reuse,true,X, ,X,X,X
104,object_bounds_overflow,heap,fake_object,vptr,reuse,true,X, , , , 
105,object_bounds_overflow,heap,fake_object,vptr,injection,true,X, , , , 
106,object_bounds_overflow,heap,fake_object,object_ptr,reuse,true,X, , ,X, 
107,sub_object_bounds_overflow,heap,fake_object,vptr,reuse,true,X, , , , 
108,sub_object_bounds_overflow,heap,fake_object,vptr,injection,true,X, , , , 
109,sub_object_bounds_overflow,heap,fake_object,object_ptr,reuse,true,X, , ,X, 
110,type_confusion,heap,fake_object,vptr,reuse,true,X, , , , 
111,type_confusion,heap,fake_object,vptr,injection,true,X, , , , 
112,type_confusion,heap,fake_object,object_ptr,reuse,true,X, , ,X, 
113,reuse_after_free,heap,fake_object,vptr,reuse,true,X, ,X,X,X
114,reuse_after_free,heap,fake_object,vptr,injection,true,X, , ,X,X
115,reuse_after_free,heap,fake_object,object_ptr,reuse,true, , , ,X,X
116,data_corruption,heap,fake_object,object_ptr,reuse,true,X, , ,X, 
117,object_bounds_overflow,global,independent,vptr,reuse,true,X, , , , 
118,object_bounds_overflow,global,independent,vptr,injection,true,X, , , , 
119,object_bounds_overflow,global,independent,object_ptr,reuse,true,X, , ,X, 
120,sub_object_bounds_overflow,global,independent,vptr,reuse,true,X, , , , 
121,sub_object_bounds_overflow,global,independent,vptr,injection,true,X, , , , 
122,sub_object_bounds_overflow,global,independent,object_ptr,reuse,true,X, , ,X, 
123,type_confusion,global,independent,vptr,reuse,true,X, , , , 
124,type_confusion,global,independent,vptr,injection,true,X, , , , 
125,type_confusion,global,independent,object_ptr,reuse,true,X, , ,X, 
126,data_corruption,global,independent,object_ptr,reuse,true,X, , ,X, 
127,object_bounds_overflow,global,inherited,vptr,reuse,true,X, ,X, , 
128,object_bounds_overflow,global,inherited,vptr,injection,true,X, , , , 
129,object_bounds_overflow,global,inherited,object_ptr,reuse,true,X, ,X,X,X
130,sub_object_bounds_overflow,global,inherited,vptr,reuse,true,X, ,X, , 
131,sub_object_bounds_overflow,global,inherited,vptr,injection,true,X, , , , 
132,sub_object_bounds_overflow,global,inherited,object_ptr,reuse,true,X, ,X,X,X
133,type_confusion,global,inherited,vptr,reuse,true,X, ,X, , 
134,type_confusion,global,inherited,vptr,injection,true,X, , , , 
135,type_confusion,global,inherited,object_ptr,reuse,true,X, ,X,X,X
136,data_corruption,global,inherited,object_ptr,reuse,true,X, ,X,X,X
137,object_bounds_overflow,global,non_virtual,vptr,reuse,true,X, ,X, , 
138,object_bounds_overflow,global,non_virtual,vptr,injection,true,X, , , , 
139,object_bounds_overflow,global,non_virtual,object_ptr,reuse,true,X, ,X,X,X
140,sub_object_bounds_overflow,global,non_virtual,vptr,reuse,true,X, ,X, , 
141,sub_object_bounds_overflow,global,non_virtual,vptr,injection,true,X, , , , 
142,sub_object_bounds_overflow,global,non_virtual,object_ptr,reuse,true,X, ,X,X,X
143,type_confusion,global,non_virtual,vptr,reuse,true,X, ,X, , 
144,type_confusion,global,non_virtual,vptr,injection,true,X, , , , 
145,type_confusion,global,non_virtual,object_ptr,reuse,true,X, ,X,X,X
146,data_corruption,global,non_virtual,object_ptr,reuse,true,X, ,X,X,X
147,object_bounds_overflow,global,fake_object,vptr,reuse,true,X, , , , 
148,object_bounds_overflow,global,fake_object,vptr,injection,true,X, , , , 
149,object_bounds_overflow,global,fake_object,object_ptr,reuse,true,X, , ,X, 
150,sub_object_bounds_overflow,global,fake_object,vptr,reuse,true,X, , , , 
151,sub_object_bounds_overflow,global,fake_object,vptr,injection,true,X, , , , 
152,sub_object_bounds_overflow,global,fake_object,object_ptr,reuse,true,X, , ,X, 
153,type_confusion,global,fake_object,vptr,reuse,true,X, , , , 
154,type_confusion,global,fake_object,vptr,injection,true,X, , , , 
155,type_confusion,global,fake_object,object_ptr,reuse,true,X, , ,X, 
156,data_corruption,global,fake_object,object_ptr,reuse,true,X, , ,X, 
157,object_bounds_overflow,stack,independent,vptr,reuse,false, , , , , 
158,object_bounds_overflow,stack,independent,vptr,injection,false, , , , , 
159,object_bounds_overflow,stack,independent,object_ptr,reuse,false, , , , , 
160,sub_object_bounds_overflow,stack,independent,vptr,reuse,false, , , , , 
161,sub_object_bounds_overflow,stack,independent,vptr,injection,false, , , , , 
162,sub_object_bounds_overflow,stack,independent,object_ptr,reuse,false, , , , , 
163,type_confusion,stack,independent,vptr,reuse,false, , , , , 
164,type_confusion,stack,independent,vptr,injection,false, , , , , 
165,type_confusion,stack,independent,object_ptr,reuse,false, , , , , 
166,use_after_free,stack,independent,vptr,reuse,false, , , , , 
167,use_after_free,stack,independent,vptr,injection,false, , , , , 
168,use_after_free,stack,independent,object_ptr,reuse,false, , , , , 
169,reuse_after_free,stack,independent,vptr,reuse,false, , , , , 
170,reuse_after_free,stack,independent,vptr,injection,false, , , , , 
171,reuse_after_free,stack,independent,object_ptr,reuse,false, , , , , 
172,data_corruption,stack,independent,object_ptr,reuse,false, , , , , 
173,object_bounds_overflow,stack,inherited,vptr,reuse,false, , , , , 
174,object_bounds_overflow,stack,inherited,vptr,injection,false, , , , , 
175,object_bounds_overflow,stack,inherited,object_ptr,reuse,false, , , , , 
176,sub_object_bounds_overflow,stack,inherited,vptr,reuse,false, , , , , 
177,sub_object_bounds_overflow,stack,inherited,vptr,injection,false, , , , , 
178,sub_object_bounds_overflow,stack,inherited,object_ptr,reuse,false, , , , , 
179,type_confusion,stack,inherited,vptr,reuse,false, , , , , 
180,type_confusion,stack,inherited,vptr,injection,false, , , , , 
181,type_confusion,stack,inherited,object_ptr,reuse,false, , , , , 
182,use_after_free,stack,inherited,vptr,reuse,false, , , , , 
183,use_after_free,stack,inherited,vptr,injection,false, , , , , 
184,use_after_free,stack,inherited,object_ptr,reuse,false, , , , , 
185,reuse_after_free,stack,inherited,vptr,reuse,false, , , , , 
186,reuse_after_free,stack,inherited,vptr,injection,false, , , , , 
187,reuse_after_free,stack,inherited,object_ptr,reuse,false, , , , , 
188,data_corruption,stack,inherited,object_ptr,reuse,false, , , , , 
189,object_bounds_overflow,stack,non_virtual,vptr,reuse,false, , , , , 
190,object_bounds_overflow,stack,non_virtual,vptr,injection,false, , , , , 
191,object_bounds_overflow,stack,non_virtual,object_ptr,reuse,false, , , , , 
192,sub_object_bounds_overflow,stack,non_virtual,vptr,reuse,false, , , , , 
193,sub_object_bounds_overflow,stack,non_virtual,vptr,injection,false, , , , , 
194,sub_object_bounds_overflow,stack,non_virtual,object_ptr,reuse,false, , , , , 
195,type_confusion,stack,non_virtual,vptr,reuse,false, , , , , 
196,type_confusion,stack,non_virtual,vptr,injection,false, , , , , 
197,type_confusion,stack,non_virtual,object_ptr,reuse,false, , , , , 
198,reuse_after_free,stack,non_virtual,vptr,reuse,false, , , , , 
199,reuse_after_free,stack,non_virtual,vptr,injection,false, , , , , 
200,reuse_after_free,stack,non_virtual,object_ptr,reuse,false, , , , , 
201,data_corruption,stack,non_virtual,object_ptr,reuse,false, , , , , 
202,object_bounds_overflow,stack,fake_object,vptr,reuse,false, , , ,X,X
203,object_bounds_overflow,stack,fake_object,vptr,injection,false, , , ,X,X
204,object_bounds_overflow,stack,fake_object,object_ptr,reuse,false, , , ,X,X
205,sub_object_bounds_overflow,stack,fake_object,vptr,reuse,false, , , ,X,X
206,sub_object_bounds_overflow,stack,fake_object,vptr,injection,false, , , ,X,X
207,sub_object_bounds_overflow,stack,fake_object,object_ptr,reuse,false, , , ,X,X
208,type_confusion,stack,fake_object,vptr,reuse,false, , , ,X,X
209,type_confusion,stack,fake_object,vptr,injection,false, , , ,X,X
210,type_confusion,stack,fake_object,object_ptr,reuse,false, , , ,X,X
211,reuse_after_free,stack,fake_object,vptr,reuse,false, , , ,X,X
212,reuse_after_free,stack,fake_object,vptr,injection,false, , , ,X,X
213,reuse_after_free,stack,fake_object,object_ptr,reuse,false, , , ,X,X
214,data_corruption,stack,fake_object,object_ptr,reuse,false, , , ,X,X
215,object_bounds_overflow,heap,independent,vptr,reuse,false, , , , , 
216,object_bounds_overflow,heap,independent,vptr,injection,false, , , , , 
217,object_bounds_overflow,heap,independent,object_ptr,reuse,false, , , , , 
218,sub_object_bounds_overflow,heap,independent,vptr,reuse,false, , , , , 
219,sub_object_bounds_overflow,heap,independent,vptr,injection,false, , , , , 
220,sub_object_bounds_overflow,heap,independent,object_ptr,reuse,false, , , , , 
221,type_confusion,heap,independent,vptr,reuse,false, , , , , 
222,type_confusion,heap,independent,vptr,injection,false, , , , , 
223,type_confusion,heap,independent,object_ptr,reuse,false, , , , , 
224,use_after_free,heap,independent,vptr,reuse,false, , , , , 
225,use_after_free,heap,independent,vptr,injection,false, , , , , 
226,use_after_free,heap,independent,object_ptr,reuse,false, , , , , 
227,reuse_after_free,heap,independent,vptr,reuse,false, , , , , 
228,reuse_after_free,heap,independent,vptr,injection,false, , , , , 
229,reuse_after_free,heap,independent,object_ptr,reuse,false, , , , , 
230,data_corruption,heap,independent,object_ptr,reuse,false, , , , , 
231,object_bounds_overflow,heap,inherited,vptr,reuse,false, , , , , 
232,object_bounds_overflow,heap,inherited,vptr,injection,false, , , , , 
233,object_bounds_overflow,heap,inherited,object_ptr,reuse,false, , , , , 
234,sub_object_bounds_overflow,heap,inherited,vptr,reuse,false, , , , , 
235,sub_object_bounds_overflow,heap,inherited,vptr,injection,false, , , , , 
236,sub_object_bounds_overflow,heap,inherited,object_ptr,reuse,false, , , , , 
237,type_confusion,heap,inherited,vptr,reuse,false, , , , , 
238,type_confusion,heap,inherited,vptr,injection,false, , , , , 
239,type_confusion,heap,inherited,object_ptr,reuse,false, , , , , 
240,use_after_free,heap,inherited,vptr,reuse,false, , , , , 
241,use_after_free,heap,inherited,vptr,injection,false, , , , , 
242,use_after_free,heap,inherited,object_ptr,reuse,false, , , , , 
243,reuse_after_free,heap,inherited,vptr,reuse,false, , , , , 
244,reuse_after_free,heap,inherited,vptr,injection,false, , , , , 
245,reuse_after_free,heap,inherited,object_ptr,reuse,false, , , , , 
246,data_corruption,heap,inherited,object_ptr,reuse,false, , , , , 
247,object_bounds_overflow,heap,non_virtual,vptr,reuse,false, , , , , 
248,object_bounds_overflow,heap,non_virtual,vptr,injection,false, , , , , 
249,object_bounds_overflow,heap,non_virtual,object_ptr,reuse,false, , , , , 
250,sub_object_bounds_overflow,heap,non_virtual,vptr,reuse,false, , , , , 
251,sub_object_bounds_overflow,heap,non_virtual,vptr,injection,false, , , , , 
252,sub_object_bounds_overflow,heap,non_virtual,object_ptr,reuse,false, , , , , 
253,type_confusion,heap,non_virtual,vptr,reuse,false, , , , , 
254,type_confusion,heap,non_virtual,vptr,injection,false, , , , , 
255,type_confusion,heap,non_virtual,object_ptr,reuse,false, , , , , 
256,reuse_after_free,heap,non_virtual,vptr,reuse,false, , , , , 
257,reuse_after_free,heap,non_virtual,vptr,injection,false, , , , , 
258,reuse_after_free,heap,non_virtual,object_ptr,reuse,false, , , , , 
259,data_corruption,heap,non_virtual,object_ptr,reuse,false, , , , , 
260,object_bounds_overflow,heap,fake_object,vptr,reuse,false, , , ,X,X
261,object_bounds_overflow,heap,fake_object,vptr,injection,false, , , ,X,X
262,object_bounds_overflow,heap,fake_object,object_ptr,reuse,false, , , ,X,X
263,sub_object_bounds_overflow,heap,fake_object,vptr,reuse,false, , , ,X,X
264,sub_object_bounds_overflow,heap,fake_object,vptr,injection,false, , , ,X,X
265,sub_object_bounds_overflow,heap,fake_object,object_ptr,reuse,false, , , ,X,X
266,type_confusion,heap,fake_object,vptr,reuse,false, , , ,X,X
267,type_confusion,heap,fake_object,vptr,injection,false, , , ,X,X
268,type_confusion,heap,fake_object,object_ptr,reuse,false, , , ,X,X
269,reuse_after_free,heap,fake_object,vptr,reuse,false, , , ,X,X
270,reuse_after_free,heap,fake_object,vptr,injection,false, , , ,X,X
271,reuse_after_free,heap,fake_object,object_ptr,reuse,false, , , ,X,X
272,data_corruption,heap,fake_object,object_ptr,reuse,false, , , ,X,X
273,object_bounds_overflow,global,independent,vptr,reuse,false, , , , , 
274,object_bounds_overflow,global,independent,vptr,injection,false, , , , , 
275,object_bounds_overflow,global,independent,object_ptr,reuse,false, , , , , 
276,sub_object_bounds_overflow,global,independent,vptr,reuse,false, , , , , 
277,sub_object_bounds_overflow,global,independent,vptr,injection,false, , , , , 
278,sub_object_bounds_overflow,global,independent,object_ptr,reuse,false, , , , , 
279,type_confusion,global,independent,vptr,reuse,false, , , , , 
280,type_confusion,global,independent,vptr,injection,false, , , , , 
281,type_confusion,global,independent,object_ptr,reuse,false, , , , , 
282,data_corruption,global,independent,object_ptr,reuse,false, , , , , 
283,object_bounds_overflow,global,inherited,vptr,reuse,false, , , , , 
284,object_bounds_overflow,global,inherited,vptr,injection,false, , , , , 
285,object_bounds_overflow,global,inherited,object_ptr,reuse,false, , , , , 
286,sub_object_bounds_overflow,global,inherited,vptr,reuse,false, , , , , 
287,sub_object_bounds_overflow,global,inherited,vptr,injection,false, , , , , 
288,sub_object_bounds_overflow,global,inherited,object_ptr,reuse,false, , , , , 
289,type_confusion,global,inherited,vptr,reuse,false, , , , , 
290,type_confusion,global,inherited,vptr,injection,false, , , , , 
291,type_confusion,global,inherited,object_ptr,reuse,false, , , , , 
292,data_corruption,global,inherited,object_ptr,reuse,false, , , , , 
293,object_bounds_overflow,global,non_virtual,vptr,reuse,false, , , , , 
294,object_bounds_overflow,global,non_virtual,vptr,injection,false, , , , , 
295,object_bounds_overflow,global,non_virtual,object_ptr,reuse,false, , , , , 
296,sub_object_bounds_overflow,global,non_virtual,vptr,reuse,false, , , , , 
297,sub_object_bounds_overflow,global,non_virtual,vptr,injection,false, , , , , 
298,sub_object_bounds_overflow,global,non_virtual,object_ptr,reuse,false, , , , , 
299,type_confusion,global,non_virtual,vptr,reuse,false, , , , , 
300,type_confusion,global,non_virtual,vptr,injection,false, , , , , 
301,type_confusion,global,non_virtual,object_ptr,reuse,false, , , , , 
302,data_corruption,global,non_virtual,object_ptr,reuse,false, , , , , 
303,object_bounds_overflow,global,fake_object,vptr,reuse,false, , , ,X,X
304,object_bounds_overflow,global,fake_object,vptr,injection,false, , , ,X,X
305,object_bounds_overflow,global,fake_object,object_ptr,reuse,false, , , ,X,X
306,sub_object_bounds_overflow,global,fake_object,vptr,reuse,false, , , ,X,X
307,sub_object_bounds_overflow,global,fake_object,vptr,injection,false, , , ,X,X
308,sub_object_bounds_overflow,global,fake_object,object_ptr,reuse,false, , , ,X,X
309,type_confusion,global,fake_object,vptr,reuse,false, , , ,X,X
310,type_confusion,global,fake_object,vptr,injection,false, , , ,X,X
311,type_confusion,global,fake_object,object_ptr,reuse,false, , , ,X,X
312,data_corruption,global,fake_object,object_ptr,reuse,false, , , ,X,X
